Layer,Provinsi,Nama,Jenis,Alamat,Latitude,Longitude
Jawa Tengah,Jawa Tengah,Kabupaten Banjarnegara,Kabupaten,"Kabupaten Banjarnegara, Jawa Tengah, Indonesia",-7.3957,109.6961
Jawa Tengah,Jawa Tengah,Kabupaten Banyumas,Kabupaten,"Kabupaten Banyumas, Jawa Tengah, Indonesia",-7.4228,109.2301
Jawa Tengah,Jawa Tengah,Kabupaten Batang,Kabupaten,"Kabupaten Batang, Jawa Tengah, Indonesia",-6.9107,109.7297
Jawa Tengah,Jawa Tengah,Kabupaten Blora,Kabupaten,"Kabupaten Blora, Jawa Tengah, Indonesia",-6.9697,111.4149
Jawa Tengah,Jawa Tengah,Kabupaten Boyolali,Kabupaten,"Kabupaten Boyolali, Jawa Tengah, Indonesia",-7.5457,110.6106
Jawa Tengah,Jawa Tengah,Kabupaten Brebes,Kabupaten,"Kabupaten Brebes, Jawa Tengah, Indonesia",-6.8701,109.0392
Jawa Tengah,Jawa Tengah,Kabupaten Cilacap,Kabupaten,"Kabupaten Cilacap, Jawa Tengah, Indonesia",-7.7256,109.0095
Jawa Tengah,Jawa Tengah,Kabupaten Demak,Kabupaten,"Kabupaten Demak, Jawa Tengah, Indonesia",-6.8914,110.6384
Jawa Tengah,Jawa Tengah,Kabupaten Grobogan,Kabupaten,"Kabupaten Grobogan, Jawa Tengah, Indonesia",-7.0821,110.9174
Jawa Tengah,Jawa Tengah,Kabupaten Jepara,Kabupaten,"Kabupaten Jepara, Jawa Tengah, Indonesia",-6.5901,110.6681
Jawa Tengah,Jawa Tengah,Kabupaten Karanganyar,Kabupaten,"Kabupaten Karanganyar, Jawa Tengah, Indonesia",-7.5955,110.9396
Jawa Tengah,Jawa Tengah,Kabupaten Kebumen,Kabupaten,"Kabupaten Kebumen, Jawa Tengah, Indonesia",-7.6684,109.6537
Jawa Tengah,Jawa Tengah,Kabupaten Kendal,Kabupaten,"Kabupaten Kendal, Jawa Tengah, Indonesia",-6.9228,110.2036
Jawa Tengah,Jawa Tengah,Kabupaten Klaten,Kabupaten,"Kabupaten Klaten, Jawa Tengah, Indonesia",-7.7124,110.5921
Jawa Tengah,Jawa Tengah,Kabupaten Kudus,Kabupaten,"Kabupaten Kudus, Jawa Tengah, Indonesia",-6.8057,110.8422
Jawa Tengah,Jawa Tengah,Kabupaten Magelang,Kabupaten,"Kabupaten Magelang, Jawa Tengah, Indonesia",-7.5970,110.2235
Jawa Tengah,Jawa Tengah,Kabupaten Pati,Kabupaten,"Kabupaten Pati, Jawa Tengah, Indonesia",-6.7522,111.0399
Jawa Tengah,Jawa Tengah,Kabupaten Pekalongan,Kabupaten,"Kabupaten Pekalongan, Jawa Tengah, Indonesia",-7.0250,109.5911
Jawa Tengah,Jawa Tengah,Kabupaten Pemalang,Kabupaten,"Kabupaten Pemalang, Jawa Tengah, Indonesia",-6.8932,109.3807
Jawa Tengah,Jawa Tengah,Kabupaten Purbalingga,Kabupaten,"Kabupaten Purbalingga, Jawa Tengah, Indonesia",-7.3888,109.3641
Jawa Tengah,Jawa Tengah,Kabupaten Purworejo,Kabupaten,"Kabupaten Purworejo, Jawa Tengah, Indonesia",-7.7140,110.0083
Jawa Tengah,Jawa Tengah,Kabupaten Rembang,Kabupaten,"Kabupaten Rembang, Jawa Tengah, Indonesia",-6.7035,111.3426
Jawa Tengah,Jawa Tengah,Kabupaten Semarang,Kabupaten,"Kabupaten Semarang, Jawa Tengah, Indonesia",-7.1290,110.4041
Jawa Tengah,Jawa Tengah,Kabupaten Sragen,Kabupaten,"Kabupaten Sragen, Jawa Tengah, Indonesia",-7.4264,111.0232
Jawa Tengah,Jawa Tengah,Kabupaten Sukoharjo,Kabupaten,"Kabupaten Sukoharjo, Jawa Tengah, Indonesia",-7.6646,110.8359
Jawa Tengah,Jawa Tengah,Kabupaten Tegal,Kabupaten,"Kabupaten Tegal, Jawa Tengah, Indonesia",-6.9954,109.1279
Jawa Tengah,Jawa Tengah,Kabupaten Temanggung,Kabupaten,"Kabupaten Temanggung, Jawa Tengah, Indonesia",-7.3153,110.1819
Jawa Tengah,Jawa Tengah,Kabupaten Wonogiri,Kabupaten,"Kabupaten Wonogiri, Jawa Tengah, Indonesia",-7.8151,110.9257
Jawa Tengah,Jawa Tengah,Kabupaten Wonosobo,Kabupaten,"Kabupaten Wonosobo, Jawa Tengah, Indonesia",-7.3583,109.9052
Jawa Tengah,Jawa Tengah,Kota Magelang,Kota,"Kota Magelang, Jawa Tengah, Indonesia",-7.4797,110.2177
Jawa Tengah,Jawa Tengah,Kota Pekalongan,Kota,"Kota Pekalongan, Jawa Tengah, Indonesia",-6.8886,109.6753
Jawa Tengah,Jawa Tengah,Kota Salatiga,Kota,"Kota Salatiga, Jawa Tengah, Indonesia",-7.3305,110.5084
Jawa Tengah,Jawa Tengah,Kota Semarang,Kota,"Kota Semarang, Jawa Tengah, Indonesia",-6.9932,110.4203
Jawa Tengah,Jawa Tengah,Kota Surakarta,Kota,"Kota Surakarta, Jawa Tengah, Indonesia",-7.5755,110.8243
Jawa Tengah,Jawa Tengah,Kota Tegal,Kota,"Kota Tegal, Jawa Tengah, Indonesia",-6.8797,109.1256